{"mean_stats": [755312.3778076172, 871322.9067382812, 974174.9561767578, 1002743.3039550781, 993258.1937255859, 959014.5048828125, 944608.0458984375, 941223.5603027344, 954989.0437011719, 952057.3961181641, 948742.2329101562, 951243.3210449219, 941702.8574829102, 932162.7354125977, 931387.1215209961, 922234.60546875, 921712.5077514648, 920145.2447509766, 921904.0864868164, 917637.0638427734, 914931.2055053711, 912929.9702758789, 931945.3236694336, 938052.8815307617, 913244.7691650391, 899458.5908203125, 917387.3624267578, 923054.6179199219, 932345.8255615234, 924701.692565918], "var_stats": [9608737.041503906, 12807750.8359375, 15902494.041015625, 16792591.55859375, 16484482.1015625, 15453623.874023438, 15001841.872070312, 14903004.362304688, 15317845.88671875, 15196884.475585938, 15091586.212890625, 15168061.680664062, 14868852.501953125, 14584334.177246094, 14582380.949707031, 14307528.380371094, 14277168.306640625, 14200298.580078125, 14237027.474609375, 14126721.353515625, 14060191.656738281, 13954367.125976562, 14567036.262207031, 14769329.522949219, 13990761.782226562, 13565576.046875, 14127639.890136719, 14319214.25390625, 14607474.905273438, 14472507.625976562], "total_frames": 64087}