{"mean_stats": [776185.1130371094, 896396.4615478516, 1016303.8022460938, 1050362.2322998047, 1039544.7796630859, 998741.2039794922, 979131.896484375, 972315.7694091797, 986189.4703369141, 985182.2800292969, 981337.3798828125, 980275.5847167969, 968607.6884765625, 962695.0631103516, 967746.1977539062, 959528.0063476562, 952666.0574951172, 951681.2664794922, 956146.4891357422, 959183.9685058594, 959260.1871337891, 956509.5314941406, 968509.3759765625, 971077.3177490234, 946803.7829589844, 931278.4306640625, 945495.2083740234, 949862.5645751953, 961221.0324707031, 955608.7698974609], "var_stats": [9840900.780273438, 13186470.084960938, 16822260.005859375, 17916039.048828125, 17577597.375, 16333394.2265625, 15740609.552734375, 15544753.662109375, 15946260.78515625, 15906598.564453125, 15793427.599609375, 15761929.276367188, 15402475.037109375, 15207787.9453125, 15354297.990234375, 15114472.724609375, 14870138.236328125, 14817431.28515625, 14962017.5703125, 15099471.490234375, 15118486.241210938, 14979263.43359375, 15352137.642578125, 15451911.716796875, 14714312.166015625, 14222421.39453125, 14674155.430664062, 14825335.010742188, 15213400.701171875, 15136433.826171875], "total_frames": 65130}