{"mean_stats": [778469.8311157227, 893166.126159668, 996051.4696044922, 1021000.9892578125, 1009856.5643310547, 975012.5120849609, 957497.7435302734, 952631.6186523438, 960988.5704345703, 959205.6951904297, 956551.7413330078, 956075.3583984375, 949377.7703857422, 947331.379699707, 946425.8657836914, 934211.5894775391, 933844.5419311523, 934129.0862426758, 934438.1491699219, 929580.4115600586, 925373.4592895508, 925260.3765869141, 936675.4671020508, 945788.5551147461, 929447.2084960938, 917579.7363891602, 935354.0451660156, 939583.1821289062, 942016.3176269531, 925257.2465209961], "var_stats": [10178404.125, 13445879.9296875, 16659204.391601562, 17477981.399414062, 17110840.037109375, 16025208.883789062, 15503872.321289062, 15379502.665039062, 15618932.818359375, 15557489.252929688, 15479870.833007812, 15472646.716796875, 15279537.883789062, 15224755.631835938, 15201225.680664062, 14824055.662109375, 14770958.624511719, 14743745.333984375, 14740766.706054688, 14631584.956542969, 14512672.662109375, 14442112.184570312, 14812489.533203125, 15120902.526367188, 14586888.623046875, 14204189.417480469, 14779793.075683594, 14936261.73046875, 15032054.446777344, 14601342.239746094], "total_frames": 63463}