{"mean_stats": [746674.6071777344, 865390.3809814453, 966084.7227783203, 986922.2933349609, 974586.9317626953, 948025.9805908203, 933404.1429443359, 924556.3754882812, 934250.0708007812, 932009.62890625, 927324.0954589844, 927550.0617675781, 920891.8447265625, 912933.2841796875, 909125.7845458984, 898260.8256835938, 897133.0760498047, 899030.8455810547, 900115.5545654297, 892041.8686523438, 890716.6784667969, 894024.4067382812, 911667.4044189453, 913633.5075683594, 892002.9383544922, 881034.9169921875, 895815.5665283203, 899822.7009277344, 908013.0688476562, 897225.6678466797], "var_stats": [9603316.2734375, 12894644.296875, 16022872.439453125, 16708036.9609375, 16316078.509765625, 15510308.357421875, 15058084.892578125, 14788869.630859375, 15060165.137695312, 14972914.299804688, 14854472.10546875, 14876554.693359375, 14672696.06640625, 14435314.537109375, 14313528.75, 13978020.116210938, 13905506.262695312, 13937009.629882812, 13965474.857421875, 13764329.095703125, 13758657.743164062, 13790589.640625, 14354485.171875, 14422189.850585938, 13718901.408203125, 13359204.19140625, 13806757.244140625, 13928665.649414062, 14184391.587890625, 13965575.885742188], "total_frames": 63012}