{"mean_stats": [899600.455078125, 1035598.1198730469, 1176687.0711669922, 1212886.8155517578, 1198452.1492919922, 1172863.7800292969, 1159525.765625, 1153924.6280517578, 1151149.9655761719, 1128920.8598632812, 1124342.1746826172, 1138503.119140625, 1139359.5126953125, 1142890.6241455078, 1131206.7083740234, 1112657.3969726562, 1122755.3500976562, 1126874.340209961, 1117838.1666259766, 1093590.3470458984, 1086961.9107666016, 1104600.4538574219, 1135027.7891845703, 1141542.087890625, 1122952.9393310547, 1112611.8692626953, 1123913.4404296875, 1129775.5079345703, 1121359.0529785156, 1097728.0588378906], "var_stats": [11834785.876953125, 15701067.125, 20167078.904296875, 21437723.075195312, 20976211.412109375, 20122714.137695312, 19721663.4609375, 19600478.130859375, 19479032.515625, 18696436.595703125, 18548830.228515625, 19025385.73828125, 19057784.650390625, 19214647.71875, 18857955.0859375, 18239467.8359375, 18484807.974609375, 18599160.931640625, 18342262.80859375, 17624934.77734375, 17427318.228515625, 17923167.744140625, 18942142.62890625, 19156263.506835938, 18506926.532226562, 18130135.685546875, 18519967.294921875, 18747712.83203125, 18514715.76953125, 17848490.958984375], "total_frames": 72161}