{"mean_stats": [863205.3027954102, 995798.4739990234, 1143968.473022461, 1183055.9952392578, 1160633.1506347656, 1123941.5114746094, 1118095.865600586, 1115046.3479003906, 1114352.1711425781, 1100518.994140625, 1101556.093383789, 1114245.6611328125, 1117511.8255615234, 1122838.818359375, 1112346.960571289, 1093586.717163086, 1098107.4151611328, 1100166.0860595703, 1094632.6610107422, 1069529.0866699219, 1063062.617553711, 1083140.6173095703, 1112423.7872314453, 1119643.1430664062, 1104454.5401611328, 1092813.7039794922, 1098990.9064941406, 1104395.4392089844, 1098128.5650634766, 1078839.3170166016], "var_stats": [11190019.421875, 14939749.189453125, 19563459.689453125, 20923479.4921875, 20180695.833984375, 18994341.013671875, 18844913.208984375, 18804937.119140625, 18751389.6171875, 18243058.740234375, 18299849.240234375, 18732979.11328125, 18840076.87890625, 19054877.779296875, 18721975.83203125, 18074693.7109375, 18124868.548828125, 18195466.6171875, 18060303.390625, 17323272.03125, 17110993.341796875, 17650339.919921875, 18620748.07421875, 18859650.431640625, 18348341.4375, 17953645.359375, 18186915.884765625, 18412417.2109375, 18247171.611328125, 17714956.33984375], "total_frames": 70297}