{"mean_stats": [784194.6526489258, 896426.1802978516, 999109.4763183594, 1023878.0073242188, 1013253.2700195312, 977420.6326904297, 958256.8244628906, 950389.4074707031, 957483.8084716797, 960485.6899414062, 959434.7205810547, 961543.4736938477, 955318.0670166016, 946625.8889770508, 940673.923034668, 929813.3094482422, 933039.3012084961, 936343.759765625, 935779.6080322266, 930495.7243652344, 934006.1079101562, 941045.9396972656, 954540.4077148438, 958244.4813232422, 936323.4616699219, 923390.7282714844, 942370.1143798828, 947133.9650878906, 953366.4134521484, 944663.0551757812], "var_stats": [10280531.318359375, 13487926.517578125, 16693810.609375, 17502462.654296875, 17154297.234375, 16045104.99609375, 15457996.326171875, 15230478.6953125, 15417727.05078125, 15504410.416992188, 15485133.14453125, 15540531.094238281, 15347581.541503906, 15080127.215820312, 14894159.229492188, 14569569.499023438, 14633784.219238281, 14698366.100585938, 14669606.275390625, 14556123.420898438, 14680837.254882812, 14842448.225585938, 15291435.359863281, 15416638.479980469, 14718533.63671875, 14296527.10546875, 14899890.5390625, 15069047.760742188, 15308421.694335938, 15123272.69140625], "total_frames": 63904}