{"mean_stats": [924309.6253662109, 1064846.7908935547, 1207337.2950439453, 1244956.206665039, 1231747.7517089844, 1209878.512084961, 1198512.7133789062, 1192178.808959961, 1188050.7143554688, 1162720.1817626953, 1160652.0454101562, 1180510.6755371094, 1182293.9285888672, 1172135.2531738281, 1152232.0338134766, 1133415.375, 1148700.3205566406, 1155833.9787597656, 1147061.1041259766, 1125327.8690185547, 1121731.6247558594, 1139293.2573242188, 1168931.0052490234, 1177637.2399902344, 1163813.090209961, 1154465.7211914062, 1171098.8458251953, 1175587.7630615234, 1159624.9080810547, 1129353.7644042969], "var_stats": [12223868.973632812, 16199228.556640625, 20698912.736328125, 22001067.44140625, 21582759.58203125, 20880361.41015625, 20525677.958984375, 20358641.65234375, 20198422.794921875, 19291375.93359375, 19217084.8359375, 19859727.3046875, 19907973.09765625, 19635469.0859375, 19036186.939453125, 18425870.046875, 18829741.955078125, 19021931.158203125, 18762690.65625, 18131899.513671875, 18021203.24609375, 18475779.6171875, 19441034.265625, 19739094.318359375, 19265406.478515625, 18918452.56640625, 19490864.994140625, 19676527.9453125, 19169516.390625, 18261230.052734375], "total_frames": 74666}