{"mean_stats": [824054.9399414062, 946631.0101318359, 1073451.5950927734, 1107805.7736816406, 1091874.0815429688, 1063240.9360351562, 1055925.1740722656, 1047257.6090087891, 1041709.5093994141, 1029154.2971191406, 1032200.5831298828, 1049026.2838134766, 1048056.4641113281, 1040365.7717285156, 1022482.6961669922, 1003695.3656005859, 1014758.9229736328, 1018396.5249023438, 1014101.9584960938, 990728.5256347656, 982576.6297607422, 1003414.1755371094, 1028498.6890869141, 1036312.3614501953, 1025641.1199951172, 1016149.8842773438, 1033067.1123046875, 1038751.2117919922, 1024223.6936035156, 1002150.501953125], "var_stats": [10954406.595703125, 14471593.37890625, 18476976.373046875, 19654960.009765625, 19137578.083984375, 18204361.470703125, 17982168.66015625, 17715580.6328125, 17491946.158203125, 17039346.728515625, 17137028.52734375, 17671731.46484375, 17655068.14453125, 17463731.298828125, 16901184.33203125, 16266884.97265625, 16534531.259765625, 16634171.625, 16538134.0234375, 15849353.705078125, 15591901.08203125, 16175333.142578125, 17002923.783203125, 17263782.244140625, 16888421.626953125, 16534338.544921875, 17118755.880859375, 17328047.892578125, 16869407.693359375, 16232384.798828125], "total_frames": 66077}