{"mean_stats": [922408.2182617188, 1059284.0428466797, 1200489.5946044922, 1239529.3369140625, 1220954.6490478516, 1192250.9776611328, 1180764.5692138672, 1175387.4345703125, 1175633.1411132812, 1157686.3475341797, 1146601.4321289062, 1156909.5831298828, 1162409.2678222656, 1158308.3930664062, 1143428.5499267578, 1126834.2739257812, 1138250.2227783203, 1149250.5122070312, 1142334.9729003906, 1106585.0155029297, 1096612.706665039, 1118711.0157470703, 1146342.8436279297, 1156335.2376708984, 1141288.2915649414, 1133337.7264404297, 1152558.8146972656, 1157407.2943115234, 1141801.4747314453, 1113384.1876220703], "var_stats": [12258932.866210938, 16155536.431640625, 20646018.060546875, 21987649.82421875, 21373304.619140625, 20403097.625, 20063432.376953125, 19930997.28515625, 19917384.431640625, 19275409.095703125, 18914306.814453125, 19255425.353515625, 19449236.154296875, 19333082.23046875, 18858778.345703125, 18287948.83203125, 18579862.521484375, 18933753.916015625, 18739106.07421875, 17645274.896484375, 17361175.154296875, 18005964.376953125, 18893566.790039062, 19241349.265625, 18762714.935546875, 18433772.06640625, 19078140.439453125, 19264651.188476562, 18798212.787109375, 17984503.229492188], "total_frames": 74041}