{"mean_stats": [789716.2467041016, 908389.4458007812, 1030281.0401611328, 1059608.1361083984, 1038706.0627441406, 1016451.001953125, 1005355.2232666016, 992072.7917480469, 989758.0749511719, 975991.1588134766, 971607.8706054688, 985947.9781494141, 991277.6884765625, 987651.1190185547, 977954.7819824219, 962401.1435546875, 971240.4859619141, 975716.041015625, 969794.6868896484, 947042.1196289062, 936491.6495361328, 952981.3464355469, 978781.3000488281, 987460.4703369141, 978635.0852050781, 971015.7299804688, 985038.0657958984, 991761.8359375, 979076.3616943359, 958597.3074951172], "var_stats": [10403512.278320312, 13752135.466796875, 17574194.017578125, 18577685.0703125, 17905633.052734375, 17176323.177734375, 16887449.095703125, 16496676.83984375, 16349516.022460938, 15873655.59765625, 15729138.413085938, 16198102.891601562, 16392845.69921875, 16299451.2421875, 15981863.333984375, 15436730.150390625, 15655516.900390625, 15790665.4765625, 15618396.779296875, 14940782.59375, 14614457.16796875, 15085830.654296875, 15933856.857421875, 16228901.6640625, 15920394.494140625, 15641421.35546875, 16128123.474609375, 16364779.251953125, 15961104.458984375, 15385063.921875], "total_frames": 64054}