{"mean_stats": [888131.5695800781, 1018639.6951904297, 1153772.8466796875, 1186599.0285644531, 1172210.2629394531, 1150399.1003417969, 1136050.351196289, 1129711.917602539, 1128219.3494873047, 1108800.4146728516, 1100935.133178711, 1116507.7362060547, 1120417.2109375, 1113980.9854736328, 1096893.5970458984, 1082158.7752685547, 1096211.1348876953, 1097466.0318603516, 1086249.1643066406, 1061884.6551513672, 1055824.4930419922, 1072170.671875, 1099899.491821289, 1108611.7215576172, 1092756.6877441406, 1085317.2938232422, 1102219.4068603516, 1112529.7882080078, 1099336.7293701172, 1068886.5393066406], "var_stats": [11695526.529296875, 15398748.201171875, 19627573.25390625, 20731871.89453125, 20255193.00390625, 19578634.265625, 19161104.123046875, 18994773.177734375, 18894281.740234375, 18211508.375, 17970583.8046875, 18480471.828125, 18620106.1875, 18440405.8046875, 17875849.462890625, 17363068.21875, 17738733.21875, 17776022.2890625, 17442851.41796875, 16727588.408203125, 16551211.03515625, 16998082.627929688, 17914773.708007812, 18207214.634765625, 17662353.3984375, 17376097.240234375, 17958014.205078125, 18315279.854492188, 17909119.481445312, 17025165.24609375], "total_frames": 72112}