{"mean_stats": [892045.0466308594, 1030031.7980957031, 1152272.5638427734, 1184893.5623779297, 1172799.1728515625, 1135754.0607910156, 1113131.3021240234, 1105924.083618164, 1123550.3045654297, 1124007.411743164, 1119750.6286621094, 1116580.3247070312, 1108358.1561279297, 1105369.1062011719, 1108769.848022461, 1096385.9914550781, 1089267.2731933594, 1087091.01953125, 1087816.0196533203, 1089576.5, 1092115.001586914, 1091399.7509765625, 1105981.071899414, 1112784.5134277344, 1089776.9002685547, 1072438.3811035156, 1084576.6459960938, 1091052.8743896484, 1101420.2396240234, 1084728.3078613281], "var_stats": [11274369.803710938, 15015399.703125, 18660585.556640625, 19697819.19921875, 19326556.907226562, 18204426.469726562, 17516094.216796875, 17343033.841796875, 17844910.953125, 17847728.27734375, 17724576.412109375, 17643133.43359375, 17408523.084960938, 17332740.767578125, 17443079.51953125, 17055362.379882812, 16818519.474609375, 16740274.556640625, 16737567.728515625, 16801762.438476562, 16888269.245117188, 16806119.815429688, 17271664.131835938, 17492139.133789062, 16756208.961914062, 16246071.939453125, 16648231.53515625, 16870363.431640625, 17199392.35546875, 16792998.795898438], "total_frames": 76383}