{"mean_stats": [876315.2247314453, 1005962.2835693359, 1136029.1762695312, 1171158.13671875, 1156582.9157714844, 1113708.3981933594, 1101140.1043701172, 1095498.9858398438, 1104544.6680908203, 1106110.73046875, 1103521.2537841797, 1105696.6606445312, 1097002.3076171875, 1086492.5007324219, 1079710.4091796875, 1067493.1638183594, 1070823.4061279297, 1069776.916381836, 1067875.7247314453, 1064698.8963623047, 1067469.3372802734, 1067636.9708251953, 1085105.0222167969, 1090242.2537841797, 1066739.7569580078, 1048370.1400146484, 1065827.9447021484, 1071501.9641113281, 1077493.5959472656, 1068539.7951660156], "var_stats": [11307843.147460938, 14961730.09375, 18965969.509765625, 20109866.50390625, 19617639.32421875, 18273133.958984375, 17892413.69921875, 17769955.396484375, 18017358.303710938, 18039766.63671875, 17988803.379882812, 18048986.828125, 17771045.091796875, 17480783.088867188, 17293149.852539062, 16917214.66015625, 16973117.393554688, 16902052.165039062, 16829930.78515625, 16774314.23828125, 16870186.569335938, 16825973.326171875, 17391556.328125, 17558433.318359375, 16820293.372070312, 16244357.622070312, 16787164.270507812, 16976716.803710938, 17187322.294921875, 17009676.143554688], "total_frames": 72301}