{"mean_stats": [842661.1147460938, 971726.8669433594, 1088543.212524414, 1118042.8098144531, 1101644.5236816406, 1061678.154296875, 1041165.7398681641, 1033804.15234375, 1044638.4057617188, 1045896.6087646484, 1043818.4267578125, 1046424.2193603516, 1039728.2165527344, 1034351.9831542969, 1030931.5520629883, 1019535.1799926758, 1020888.3539428711, 1021811.2396850586, 1024069.918762207, 1020987.9097900391, 1022074.8028564453, 1024131.8216552734, 1043926.2288818359, 1050747.0046386719, 1023509.4244384766, 1006085.6505126953, 1019356.0435791016, 1023840.4416503906, 1038683.0034179688, 1030874.0046386719], "var_stats": [10933923.489257812, 14606287.043945312, 18254703.69921875, 19217462.216796875, 18662909.97265625, 17440865.599609375, 16862530.34765625, 16635453.365234375, 16932640.8671875, 16948569.473632812, 16898708.423828125, 16993907.463867188, 16794925.521484375, 16647231.5, 16539695.174804688, 16162587.209960938, 16168420.138671875, 16148841.73046875, 16206473.58203125, 16162439.166015625, 16218979.623046875, 16247525.948242188, 16899135.897460938, 17114171.250976562, 16234080.907226562, 15684235.606445312, 16141327.630859375, 16315082.084960938, 16778657.354492188, 16600079.483398438], "total_frames": 69003}