{"mean_stats": [913485.6781005859, 1058870.1491699219, 1205552.510131836, 1237739.634765625, 1215737.3271484375, 1194677.7938232422, 1174845.7348632812, 1162040.509765625, 1157460.460571289, 1139282.0451660156, 1135272.3859863281, 1154452.886352539, 1160216.0697021484, 1158553.4333496094, 1142839.8813476562, 1125222.216430664, 1135558.7160644531, 1141219.8005371094, 1131404.8009033203, 1105250.4194335938, 1110596.2307128906, 1133243.8481445312, 1158060.083984375, 1159890.4395751953, 1147056.4851074219, 1138593.1531982422, 1154024.7839355469, 1157160.7297363281, 1142846.5665283203, 1118022.6899414062], "var_stats": [11748368.19140625, 15821518.57421875, 20397795.01171875, 21504830.8046875, 20802349.568359375, 20146662.715820312, 19552892.169921875, 19203573.3046875, 19014790.837890625, 18368270.90625, 18240189.595703125, 18863644.134765625, 19045030.83203125, 19011627.36328125, 18514066.888671875, 17936775.193359375, 18192430.466796875, 18362335.328125, 18068229.318359375, 17284115.431640625, 17448833.939453125, 18112586.771484375, 18927240.27734375, 18997644.99609375, 18558846.763671875, 18265737.41796875, 18829564.439453125, 18970618.625, 18518895.162109375, 17791222.154296875], "total_frames": 74664}