{"mean_stats": [805536.5564575195, 924229.4310302734, 1027890.2091064453, 1051852.3471679688, 1038132.1026611328, 1004433.9458007812, 985751.2839355469, 975735.2147827148, 991841.5682373047, 992372.2842407227, 990045.6569213867, 990004.9720458984, 984756.846496582, 982765.5660400391, 983518.2971191406, 975087.40625, 974317.3807373047, 974430.0640258789, 972314.0196533203, 966430.6566162109, 967916.1701660156, 970200.298828125, 988101.4360351562, 990087.8984375, 971802.1248779297, 961285.0034179688, 973358.3716430664, 977838.1632080078, 988745.9501953125, 981772.6434326172], "var_stats": [10476699.008789062, 13808527.543945312, 17030608.006835938, 17823148.75390625, 17386659.131835938, 16370906.989257812, 15768886.975585938, 15458079.645507812, 15941636.602539062, 15928825.075195312, 15847081.62109375, 15857061.982421875, 15722282.78125, 15686256.0859375, 15717314.700195312, 15450846.954101562, 15408953.604492188, 15407396.556640625, 15350479.649414062, 15202667.680664062, 15268736.838867188, 15269686.747070312, 15819008.158203125, 15896640.104492188, 15327347.122070312, 15011076.067382812, 15407991.006835938, 15564047.890625, 15917928.302734375, 15779954.01171875], "total_frames": 66009}