{"mean_stats": [745533.3819580078, 860772.6806030273, 963030.1625976562, 984560.3288574219, 969432.7663574219, 934848.0856933594, 918245.6154785156, 913067.9454345703, 922691.8666381836, 922114.9365234375, 917402.765625, 915581.4904785156, 907788.2591552734, 906038.5485229492, 908238.1666259766, 898390.2163085938, 896794.7813720703, 898110.1156616211, 898871.6994018555, 897005.4248657227, 900934.4787597656, 903062.5461425781, 915568.9290771484, 919419.9442138672, 895902.9010009766, 885688.8453369141, 899255.9395751953, 906689.1260375977, 911858.76953125, 899696.4233398438], "var_stats": [9582970.237792969, 12811939.647460938, 15917158.552734375, 16608408.319335938, 16131555.569335938, 15059745.75, 14560485.704101562, 14438702.173828125, 14706898.258789062, 14654264.254882812, 14520605.797851562, 14466565.004882812, 14217370.876953125, 14181243.1171875, 14241762.584960938, 13939705.59375, 13854931.646484375, 13859044.12890625, 13867224.012695312, 13828936.948242188, 13961600.608398438, 13968928.633789062, 14378301.794921875, 14512592.23046875, 13773858.0, 13462638.416015625, 13874363.40625, 14102398.462890625, 14292733.749023438, 14010050.014648438], "total_frames": 62501}