{"mean_stats": [740409.0029296875, 853742.8507080078, 956878.4677734375, 986043.533203125, 977796.6307373047, 942994.7491455078, 925757.4571533203, 920616.5944824219, 930597.2879638672, 928618.3577880859, 929673.0220947266, 935086.34765625, 929712.0786132812, 921731.3817138672, 916491.1331787109, 906116.3754882812, 905434.1422119141, 909286.5909423828, 911202.5079345703, 905231.6773681641, 906391.2006835938, 906591.2543945312, 926744.849609375, 933847.5889892578, 911284.2250976562, 894660.5994873047, 908706.3927001953, 912749.3514404297, 919724.8950195312, 912195.5574951172], "var_stats": [9522720.431640625, 12696928.368164062, 15856259.83984375, 16795621.96484375, 16523693.19921875, 15424425.19140625, 14919558.243164062, 14811684.081054688, 15090207.47265625, 15012194.111328125, 15053456.114257812, 15216552.693359375, 15061014.390625, 14808938.377929688, 14630353.338867188, 14313181.361328125, 14275050.813476562, 14352133.875976562, 14402709.669921875, 14263244.415039062, 14322954.7734375, 14264375.3125, 14910462.981445312, 15152676.434570312, 14433424.168945312, 13915073.012695312, 14379355.115234375, 14523086.544921875, 14761660.572265625, 14624777.243164062], "total_frames": 61723}