{"mean_stats": [765839.8552246094, 880624.2838134766, 997087.9013671875, 1026416.4400634766, 1014435.6701660156, 973072.8717041016, 956888.5876464844, 954387.3762207031, 964718.5667724609, 963866.4123535156, 961045.9805908203, 961977.0032958984, 954762.0229492188, 950472.7748413086, 947443.6489257812, 936041.5915527344, 933845.1319580078, 935221.5839233398, 937101.8386230469, 935520.2669677734, 936771.4691772461, 936101.2677001953, 948546.8204345703, 951774.1510009766, 929551.8336791992, 916385.705078125, 931735.2880859375, 939215.7461547852, 946342.7391357422, 937744.9606933594], "var_stats": [9821803.446289062, 13032530.873046875, 16588979.052734375, 17552801.23828125, 17166345.921875, 15873952.900390625, 15381985.05078125, 15325370.517578125, 15643798.818359375, 15618482.795898438, 15534792.171875, 15565985.357421875, 15340377.432617188, 15225921.088867188, 15157868.008300781, 14823352.48046875, 14710443.705566406, 14731954.834960938, 14777426.412109375, 14739590.690429688, 14789160.794921875, 14720291.853027344, 15101825.001953125, 15227413.385742188, 14531324.697753906, 14118617.567382812, 14608504.385742188, 14852072.3515625, 15099260.6796875, 14909340.605957031], "total_frames": 63474}