{"mean_stats": [813530.0209350586, 934967.6103515625, 1046141.6556396484, 1076004.7412109375, 1059836.0847167969, 1022960.8266601562, 1007614.8786621094, 1003463.5222167969, 1006360.9149169922, 1000516.1750488281, 1000645.1357421875, 1004248.464050293, 999343.7640991211, 988964.2520141602, 981556.8536376953, 969698.9311523438, 974010.8100585938, 977539.5311279297, 976633.7965087891, 969468.6217041016, 963526.6256103516, 965243.971862793, 986291.2555541992, 995595.0189208984, 971482.2384033203, 958567.1921386719, 979938.184753418, 987865.6174316406, 986117.6473388672, 974173.4306030273], "var_stats": [10512966.131835938, 13894548.659179688, 17349654.373046875, 18343512.32421875, 17816873.201171875, 16680963.013671875, 16228752.079101562, 16120509.182617188, 16187696.8984375, 15984596.016601562, 15988790.900390625, 16096902.783203125, 15958901.5703125, 15655691.625976562, 15454124.447265625, 15081893.294921875, 15162343.921875, 15253795.895507812, 15231046.848632812, 15056665.286132812, 14900367.643066406, 14898402.559082031, 15547084.805664062, 15847416.626953125, 15093699.998046875, 14695707.727050781, 15384315.55859375, 15662651.3125, 15627420.426757812, 15332288.44921875], "total_frames": 66790}