{"mean_stats": [913317.2319335938, 1041746.55859375, 1192464.78515625, 1237076.1981201172, 1220768.4259033203, 1195585.8544921875, 1179379.3979492188, 1176999.7756347656, 1184729.931274414, 1162276.0443115234, 1155951.6329345703, 1170046.9345703125, 1170310.23046875, 1168641.5080566406, 1154579.092163086, 1145499.5240478516, 1154267.3150634766, 1154693.6463623047, 1144903.9180908203, 1126538.6687011719, 1127840.5533447266, 1139978.5714111328, 1167216.7131347656, 1166164.9503173828, 1144871.393737793, 1134614.2108154297, 1145928.0783691406, 1152510.1010742188, 1145222.4663085938, 1122486.2864990234], "var_stats": [11989061.416992188, 15610903.21875, 20367872.388671875, 21914828.0078125, 21399325.774414062, 20556942.4140625, 20056626.264648438, 20073557.008789062, 20291633.716796875, 19484982.728515625, 19297677.958984375, 19785769.986328125, 19802682.134765625, 19807878.376953125, 19339717.1015625, 19008660.61328125, 19188704.953125, 19192180.677734375, 18916974.248046875, 18389837.069335938, 18430425.091796875, 18713532.3671875, 19602506.005859375, 19577907.740234375, 18886423.244140625, 18508845.673828125, 18890157.825195312, 19144305.596679688, 18953598.3984375, 18322336.452148438], "total_frames": 73759}