{"mean_stats": [890694.6520996094, 1026997.0599975586, 1162584.3032226562, 1200903.5838623047, 1187921.4069824219, 1162297.2631835938, 1150484.1791992188, 1146247.043334961, 1139378.2318115234, 1109828.1242675781, 1110876.4865722656, 1128411.7377929688, 1129997.132446289, 1127479.8544921875, 1118785.0793457031, 1102725.8322753906, 1108881.3825683594, 1114373.4721679688, 1111174.2049560547, 1086834.1807861328, 1074454.4865722656, 1087199.2797851562, 1113965.1341552734, 1119618.046875, 1103035.0354003906, 1095029.9954833984, 1109394.7012939453, 1118647.6795654297, 1105722.0455322266, 1079402.5947265625], "var_stats": [11798294.99609375, 15635181.47265625, 19913642.620117188, 21238067.771484375, 20834532.952148438, 19956039.205078125, 19601061.857421875, 19547532.50390625, 19273658.658203125, 18241140.876953125, 18275117.83984375, 18849498.53125, 18902335.732421875, 18869003.66796875, 18606938.302734375, 18064420.3125, 18194550.66796875, 18353347.40234375, 18262358.419921875, 17549294.005859375, 17164748.470703125, 17469215.1796875, 18345781.416015625, 18554798.7578125, 18000983.857421875, 17688422.75, 18158960.978515625, 18497499.453125, 18127499.529296875, 17379634.306640625], "total_frames": 72097}