{"mean_stats": [844868.1398925781, 977139.2268066406, 1114256.7026367188, 1151022.0122070312, 1134963.8411865234, 1112309.7513427734, 1109934.7918701172, 1106178.029296875, 1103038.589477539, 1075703.9685058594, 1069140.7028808594, 1082653.8074951172, 1080674.8328857422, 1078173.669921875, 1068171.1076660156, 1051624.650024414, 1062941.5141601562, 1067965.8367919922, 1060043.1602783203, 1034892.2841796875, 1025957.9865722656, 1042228.9381103516, 1070850.4528808594, 1076660.9891357422, 1058520.855834961, 1052427.8411865234, 1068966.6583251953, 1074699.128540039, 1063275.5400390625, 1036793.3961181641], "var_stats": [11086031.263671875, 14812338.6640625, 19117774.564453125, 20386293.275390625, 19879791.875, 19138735.431640625, 19098396.203125, 19019514.34765625, 18873997.80859375, 17909238.873046875, 17694866.685546875, 18134826.572265625, 18076668.798828125, 18048481.1953125, 17730774.658203125, 17164807.87890625, 17457968.30859375, 17600836.419921875, 17350993.31640625, 16593531.091796875, 16316468.421875, 16768743.515625, 17710882.15625, 17914270.478515625, 17287730.296875, 17043375.076171875, 17603401.08203125, 17823020.435546875, 17475495.3671875, 16705408.197265625], "total_frames": 69196}