{"mean_stats": [793920.2490234375, 919142.0804443359, 1028717.1887207031, 1051980.6236572266, 1039386.9040527344, 1003588.578125, 988281.9573974609, 983297.1578369141, 988894.7685546875, 990794.8723754883, 992719.9766845703, 996858.0999145508, 988445.3394165039, 983420.7742919922, 975231.9603881836, 962513.4370117188, 959179.9197998047, 960060.0574951172, 960848.0849609375, 958118.3038330078, 963944.4002685547, 969698.7274169922, 988539.7278442383, 991278.7578125, 966856.5682373047, 954814.5335083008, 970890.4042358398, 973859.2266845703, 979564.3103027344, 969469.6178588867], "var_stats": [10225168.256835938, 13757311.025390625, 17183009.939453125, 17950888.532226562, 17515528.807617188, 16406878.702148438, 15963765.495117188, 15823974.67578125, 15956330.965820312, 16008622.422851562, 16068185.05078125, 16207887.606445312, 15979699.077148438, 15835595.28515625, 15569934.455078125, 15160568.782226562, 15025533.332519531, 15034804.202148438, 15038319.229003906, 14950903.409179688, 15125521.517089844, 15283002.356933594, 15950786.069335938, 16047650.385253906, 15239681.920898438, 14848538.064453125, 15397113.563964844, 15524645.541503906, 15701200.912597656, 15476180.537109375], "total_frames": 65664}