{"mean_stats": [789951.7548828125, 903642.8685302734, 1003411.7911376953, 1021973.21875, 1005247.5146484375, 969801.1185302734, 955570.28125, 951689.0924072266, 959844.2882080078, 961465.1209716797, 958026.6564941406, 959135.5021972656, 956899.1948242188, 958654.2886962891, 953230.1848144531, 940686.9520263672, 940814.8956298828, 948224.9714355469, 952530.6069335938, 940455.3577270508, 939320.5631713867, 946425.7153930664, 965219.1415405273, 972831.1120605469, 951672.0452880859, 938138.7634277344, 952042.3978271484, 958999.7650146484, 966992.7227783203, 955072.0240478516], "var_stats": [10291675.572265625, 13491045.04296875, 16603016.662109375, 17225606.62109375, 16697170.27734375, 15592380.93359375, 15183210.336914062, 15072141.26953125, 15280072.77734375, 15303541.067382812, 15199087.319335938, 15222709.759765625, 15150915.998046875, 15215373.044921875, 15042355.541015625, 14655332.801757812, 14625415.334960938, 14828249.099609375, 14952073.8125, 14626376.939941406, 14619129.419921875, 14762677.762695312, 15355030.053710938, 15597676.751953125, 14923053.166015625, 14470821.052734375, 14919451.465820312, 15142218.401367188, 15429894.482421875, 15160844.82421875], "total_frames": 65441}