{"mean_stats": [817673.6889648438, 950038.9666748047, 1066930.3150634766, 1091507.2019042969, 1077806.4914550781, 1047598.1204833984, 1033571.4803466797, 1026296.8150634766, 1036635.1207275391, 1035283.3065185547, 1030077.0, 1033253.1173095703, 1027370.1788330078, 1023130.2687988281, 1020903.7569580078, 1007136.2801513672, 1003866.6430664062, 1001632.8896484375, 1002326.5050048828, 997703.7230224609, 997698.9499511719, 1003514.888671875, 1019804.1812744141, 1017830.3519287109, 994489.1823730469, 984705.3521728516, 1001646.7021484375, 1009267.4619140625, 1013565.8000488281, 1004569.701171875], "var_stats": [10423361.10546875, 14119252.987304688, 17732849.71484375, 18517472.044921875, 18059990.828125, 17138714.291015625, 16724065.577148438, 16502770.705078125, 16781567.161132812, 16723745.747070312, 16581995.631835938, 16716971.546875, 16547413.192382812, 16393790.828125, 16322171.076171875, 15891771.005859375, 15769436.6484375, 15662218.791015625, 15637864.294921875, 15531464.578125, 15560198.142578125, 15674752.501953125, 16217730.741210938, 16187671.118164062, 15432841.32421875, 15097902.385742188, 15627879.61328125, 15880452.369140625, 16035771.720703125, 15871738.319335938], "total_frames": 69351}