{"mean_stats": [821209.8975830078, 943409.2658691406, 1067724.2020263672, 1101674.3641357422, 1088218.7756347656, 1061951.3210449219, 1046824.0892333984, 1041054.8636474609, 1037643.9349365234, 1019887.4145507812, 1016197.2911376953, 1031114.9190673828, 1036463.7185058594, 1034188.3460693359, 1022614.0242919922, 1011597.376953125, 1022853.3272705078, 1026649.5369873047, 1018884.2138671875, 998202.6079101562, 994014.1591796875, 1007268.0831298828, 1034138.8618164062, 1044903.931640625, 1036662.126953125, 1030284.5229492188, 1040989.3953857422, 1046290.4490966797, 1035130.3394775391, 1010707.8625488281], "var_stats": [10849057.971679688, 14344643.547851562, 18268515.994140625, 19437311.227539062, 19019382.654296875, 18155791.640625, 17662779.72265625, 17512289.501953125, 17388206.115234375, 16760756.693359375, 16621383.302734375, 17109294.619140625, 17283178.00390625, 17241837.267578125, 16880209.8046875, 16487538.751953125, 16788228.369140625, 16914307.97265625, 16671105.583984375, 16036254.5546875, 15900400.390625, 16275915.10546875, 17160059.857421875, 17512195.3515625, 17216604.388671875, 16972323.998046875, 17349065.236328125, 17549370.783203125, 17192737.17578125, 16454670.267578125], "total_frames": 66140}