{"mean_stats": [817709.7538452148, 949495.6878662109, 1066335.3399658203, 1094576.4038085938, 1079500.8228759766, 1041598.1716308594, 1025744.4088134766, 1015696.2789306641, 1023569.0026855469, 1022590.9283447266, 1018474.3057861328, 1019673.9337158203, 1011639.1495361328, 1001889.6678466797, 996700.3509521484, 982001.0515136719, 979771.9151611328, 984704.8814697266, 987953.5056152344, 986129.5540771484, 993874.1551513672, 993404.8771972656, 1004834.9847412109, 1009479.7818603516, 982196.7478027344, 967099.7928466797, 984839.6905517578, 989592.0822753906, 994486.0739746094, 982068.3269042969], "var_stats": [10400858.286132812, 14030295.01953125, 17585216.337890625, 18505583.75390625, 18004217.65625, 16846123.40625, 16396329.953125, 16111776.4921875, 16297800.984375, 16256484.125976562, 16144280.211914062, 16191871.35546875, 15971187.76171875, 15685554.21484375, 15540162.81640625, 15093633.814453125, 14990126.763671875, 15111746.822265625, 15187743.51953125, 15127153.1875, 15363936.24609375, 15349955.263671875, 15739691.861328125, 15883015.560546875, 15063765.928710938, 14612229.6484375, 15160681.963867188, 15329945.010742188, 15497479.076171875, 15216515.102539062], "total_frames": 68619}