{"mean_stats": [854882.5330810547, 990229.9680175781, 1108993.6870117188, 1136650.2351074219, 1125258.2501220703, 1084968.232788086, 1062176.285522461, 1055236.2794189453, 1070050.5739746094, 1070560.1971435547, 1067695.3685302734, 1069012.1536865234, 1061328.1682128906, 1055637.5922851562, 1058585.8802490234, 1053145.903930664, 1051970.4134521484, 1049809.8857421875, 1053536.3214111328, 1052300.4383544922, 1049911.363647461, 1049326.3294677734, 1068342.8093261719, 1075327.4343261719, 1049352.5245361328, 1032494.9289550781, 1047477.5220947266, 1047964.7785644531, 1058285.884765625, 1048910.2393798828], "var_stats": [10878285.7890625, 14676189.875, 18275123.3359375, 19126281.6171875, 18754841.8671875, 17537285.017578125, 16852723.642578125, 16668464.77734375, 17100580.5546875, 17077349.572265625, 16978989.884765625, 17028776.6875, 16796910.083984375, 16619140.876953125, 16714913.3203125, 16548887.846679688, 16484390.96875, 16391625.95703125, 16497047.421875, 16461805.638671875, 16377515.244140625, 16321024.362304688, 16924407.002929688, 17169975.493164062, 16349444.025390625, 15822706.630859375, 16290071.40625, 16338990.314453125, 16679184.671875, 16476791.654296875], "total_frames": 71589}