{"mean_stats": [816963.4085693359, 931470.4519042969, 1039810.6888427734, 1067403.3280029297, 1056064.3894042969, 1021210.6833496094, 1008109.7583007812, 1000381.0593261719, 1005047.1585693359, 1003827.1878662109, 1001617.2591552734, 1004406.7864990234, 997683.9354248047, 993944.6909179688, 991996.1658935547, 978562.7565917969, 975589.3679199219, 979222.4560546875, 980334.9658203125, 971594.0406494141, 974467.5790405273, 981269.8423461914, 995855.1649780273, 1000882.8099975586, 977141.9536743164, 964437.5769042969, 981892.0662841797, 988955.6517333984, 995628.3758544922, 985323.5492553711], "var_stats": [10712108.37890625, 13946987.99609375, 17301572.150390625, 18208175.66015625, 17838651.69921875, 16749614.99609375, 16370160.638671875, 16138873.3671875, 16245397.0625, 16175172.0859375, 16108874.880859375, 16208044.875, 16022029.323242188, 15935850.20703125, 15864697.763671875, 15446992.14453125, 15329579.275390625, 15433903.345703125, 15452456.171875, 15212517.260742188, 15318356.989257812, 15454003.098632812, 15947041.445800781, 16123510.513183594, 15385874.831054688, 14988746.825195312, 15559853.159667969, 15795769.644042969, 16018893.65625, 15780658.097167969], "total_frames": 66839}