{"mean_stats": [843731.7966308594, 968598.47265625, 1069298.1782226562, 1092519.2989501953, 1081520.3428955078, 1044075.966796875, 1022277.8673095703, 1010037.5369873047, 1017983.0303955078, 1020990.4830322266, 1022129.443359375, 1024003.0262451172, 1016164.8413085938, 1006398.4685058594, 1001804.9304199219, 992654.3409423828, 994685.9622802734, 996919.6669921875, 997060.0270996094, 988294.3928222656, 990089.2807617188, 997177.0756835938, 1013149.7442626953, 1016884.3276367188, 990140.4124755859, 979723.1676025391, 1001872.0942382812, 1006191.7362060547, 1015546.9810791016, 1006000.3408203125], "var_stats": [11073476.821289062, 14624477.467773438, 17730201.294921875, 18489928.23828125, 18152345.060546875, 16997252.80078125, 16347061.724609375, 15994995.287109375, 16205369.53125, 16284913.84375, 16313946.01953125, 16379909.923828125, 16142137.744140625, 15843741.221679688, 15702028.762695312, 15420612.065429688, 15445542.048828125, 15485057.249023438, 15467359.408203125, 15217185.758789062, 15295657.329101562, 15457213.265625, 15968542.353515625, 16100197.340820312, 15258131.779296875, 14941174.681640625, 15648595.09375, 15810894.171875, 16122002.03125, 15936303.610351562], "total_frames": 68573}