{"mean_stats": [810643.5439453125, 929623.8859863281, 1043987.1099853516, 1077203.052734375, 1064293.7276611328, 1025139.5133056641, 1008180.2729492188, 1004111.9588623047, 1012998.1715087891, 1012816.6943359375, 1012375.4674072266, 1011985.8334960938, 1005159.349609375, 994037.7613525391, 991803.624206543, 982836.559753418, 981332.1062011719, 979576.6878662109, 981529.1158447266, 978910.7932128906, 980196.8891601562, 980140.4887084961, 995124.1985473633, 998285.2249755859, 975577.180480957, 963212.9956665039, 979544.70703125, 985949.4132080078, 991332.33203125, 983078.1154785156], "var_stats": [10532198.711914062, 13903644.924804688, 17433827.80859375, 18510939.89453125, 18083480.0546875, 16871825.2109375, 16363691.509765625, 16280173.510742188, 16549053.596679688, 16541692.002929688, 16536183.720703125, 16511804.219726562, 16312713.283203125, 15998091.026367188, 15927379.005859375, 15644328.977539062, 15560223.331054688, 15469677.614257812, 15513069.465820312, 15459626.341796875, 15509079.985351562, 15471002.079101562, 15967513.435546875, 16069062.892089844, 15365455.870117188, 14967343.82421875, 15462970.072265625, 15679805.518554688, 15876088.370117188, 15727639.44140625], "total_frames": 66285}