{"mean_stats": [896792.1817626953, 1018292.6545410156, 1148539.8892822266, 1191998.6055908203, 1184523.8502197266, 1158230.4592285156, 1147065.8708496094, 1147399.4171142578, 1143356.6876220703, 1116224.1094970703, 1110196.1928710938, 1126311.021484375, 1132167.9814453125, 1126343.5285644531, 1111005.7062988281, 1094814.8270263672, 1110466.1138916016, 1117981.8813476562, 1108411.6817626953, 1079285.0483398438, 1070621.2524414062, 1082827.212524414, 1109574.180053711, 1117729.3104248047, 1104401.5755615234, 1101638.038696289, 1119185.797241211, 1126636.8272705078, 1112963.3690185547, 1081390.8325195312], "var_stats": [12009343.969726562, 15451448.510742188, 19553076.75390625, 21054127.197265625, 20811306.3828125, 19911629.748046875, 19580889.27734375, 19657294.623046875, 19519084.541015625, 18569579.330078125, 18364698.5859375, 18882401.447265625, 19092854.3828125, 18979012.751953125, 18515481.74609375, 17960241.240234375, 18404805.361328125, 18634963.3984375, 18347009.568359375, 17495698.19921875, 17255888.68359375, 17537511.998046875, 18396389.412109375, 18668864.873046875, 18220606.208984375, 18088720.716796875, 18652166.001953125, 18928324.12890625, 18528386.853515625, 17590339.34765625], "total_frames": 71529}