{"mean_stats": [817007.7543945312, 944441.4107666016, 1060181.4997558594, 1083718.0520019531, 1069645.6145019531, 1030370.5867919922, 1008932.9565429688, 1000734.5516357422, 1015270.8181152344, 1016314.8558349609, 1012234.9997558594, 1012456.0036621094, 1003922.5064697266, 1000946.7612304688, 1002014.8951416016, 992283.6467285156, 991381.1647949219, 991413.5219726562, 992776.1669311523, 990570.1770019531, 996137.6102294922, 997434.4597167969, 1015267.3708496094, 1018625.4536743164, 989804.09375, 973466.6351928711, 988623.0740966797, 994591.7552490234, 1004717.8090820312, 999751.8493652344], "var_stats": [10568574.166015625, 14210528.6796875, 17810632.283203125, 18568357.107421875, 18095904.6640625, 16872742.2109375, 16211984.415039062, 15953377.13671875, 16387829.361328125, 16417826.874023438, 16310690.616210938, 16323867.131835938, 16039916.279296875, 15939032.508789062, 15980610.163085938, 15690456.192382812, 15628843.920898438, 15612929.956054688, 15654005.46875, 15611618.112304688, 15792802.346679688, 15775703.376953125, 16366986.681640625, 16489299.910644531, 15582247.094726562, 15059581.159667969, 15555890.6953125, 15758313.159667969, 16099300.780273438, 16049958.349609375], "total_frames": 67165}