{"mean_stats": [849790.7674560547, 970197.8525390625, 1078338.6319580078, 1106680.5297851562, 1097908.6755371094, 1066906.8508300781, 1048784.3782958984, 1044993.8862304688, 1056425.7247314453, 1054974.6047363281, 1051839.5200195312, 1047536.759765625, 1041409.9340820312, 1042913.7724609375, 1040217.3537597656, 1027323.4320068359, 1024530.1403808594, 1024151.6977539062, 1027326.7825927734, 1024548.5528564453, 1023601.2302246094, 1025966.9562988281, 1039821.5029296875, 1044192.8822021484, 1022902.6291503906, 1008416.8239746094, 1022991.0466308594, 1031015.8370361328, 1041945.5677490234, 1029338.0975341797], "var_stats": [11103139.852539062, 14513701.013671875, 17875295.001953125, 18822576.25, 18569058.37890625, 17633594.43359375, 17079118.888671875, 16966904.266601562, 17305072.357421875, 17245274.12109375, 17196400.783203125, 17080078.6328125, 16899391.552734375, 16971002.497070312, 16877274.271484375, 16463225.51171875, 16331468.986328125, 16295384.295898438, 16386879.243164062, 16349006.625, 16321424.919921875, 16306906.243164062, 16771384.869140625, 16921317.06640625, 16244501.778320312, 15772989.229492188, 16265888.91015625, 16562969.873046875, 16932452.8359375, 16624133.994140625], "total_frames": 69180}