{"mean_stats": [898395.04296875, 1039147.8145751953, 1168703.4885253906, 1199468.6186523438, 1187692.2473144531, 1169062.3013916016, 1153347.6492919922, 1147334.509765625, 1145304.0643310547, 1117708.4952392578, 1109905.3302001953, 1127752.0443115234, 1134448.2901611328, 1131066.5612792969, 1113038.1668701172, 1093488.1063232422, 1107325.8326416016, 1112249.9442138672, 1102075.9920654297, 1076442.199584961, 1070216.132446289, 1090780.4244384766, 1120566.3278808594, 1125379.876953125, 1113711.6032714844, 1109061.5476074219, 1126938.3966064453, 1127813.5263671875, 1109228.158203125, 1081542.4865722656], "var_stats": [11853586.1953125, 15865907.123046875, 19963661.955078125, 21026421.33984375, 20671624.99609375, 20057469.91015625, 19565465.807617188, 19418558.548828125, 19317710.64453125, 18349510.244140625, 18095456.765625, 18696647.611328125, 18926159.310546875, 18850976.173828125, 18285189.955078125, 17641282.224609375, 18016290.98046875, 18169082.798828125, 17869656.251953125, 17108850.9921875, 16930921.478515625, 17513560.15234375, 18468813.232421875, 18630475.0, 18241480.029296875, 18053471.28125, 18676665.076171875, 18735089.298828125, 18155172.337890625, 17347106.419921875], "total_frames": 72288}