{"mean_stats": [866350.1364746094, 991877.8782958984, 1110013.1325683594, 1135418.4655761719, 1118975.9094238281, 1079092.6115722656, 1065816.9719238281, 1062630.3115234375, 1071070.8525390625, 1071816.3699951172, 1068585.353515625, 1066287.2342529297, 1061748.1608886719, 1061182.2807617188, 1057349.54296875, 1044962.3325195312, 1042438.0483398438, 1041677.1975097656, 1041703.9452514648, 1032098.3740234375, 1032494.9045410156, 1038218.2103271484, 1057020.419921875, 1058675.3139648438, 1034435.7397460938, 1019829.3314208984, 1035191.291015625, 1038414.06640625, 1043575.6759033203, 1035307.7879638672], "var_stats": [11229990.434570312, 14780998.193359375, 18435228.609375, 19266335.306640625, 18716405.171875, 17510685.890625, 17116918.892578125, 17014387.44140625, 17240276.47265625, 17253196.943359375, 17194035.369140625, 17138664.587890625, 16981515.822265625, 16972064.919921875, 16863411.422851562, 16474725.158203125, 16356289.727539062, 16299166.170410156, 16293431.010253906, 16044846.14453125, 16099468.283203125, 16238170.532226562, 16821426.741210938, 16879081.78515625, 16124952.909179688, 15641228.634765625, 16120456.852050781, 16238879.134765625, 16421269.549804688, 16299605.827148438], "total_frames": 71151}