{"mean_stats": [804146.3668212891, 931780.08984375, 1044995.2620849609, 1070773.942993164, 1058228.0559082031, 1026878.3757324219, 1011340.5980224609, 1005306.5163574219, 1014950.5498046875, 1015062.7641601562, 1012013.5303955078, 1011132.7203369141, 1000484.7045898438, 995354.5925292969, 990587.4777832031, 977302.1680908203, 974622.9354248047, 975111.1585693359, 981415.8518066406, 983081.8618164062, 982682.2510986328, 982271.1843261719, 998109.2009277344, 1000431.5230712891, 973791.6549072266, 957070.4403076172, 969935.015625, 977085.7655029297, 991781.0068359375, 984506.0155029297], "var_stats": [10313911.205078125, 13887670.725585938, 17361156.1953125, 18181900.748046875, 17763192.212890625, 16790108.208984375, 16323417.53515625, 16148816.028320312, 16419134.307617188, 16395079.080078125, 16310079.8515625, 16293908.114257812, 15973802.916992188, 15826822.4609375, 15690505.891601562, 15284692.12890625, 15176431.09765625, 15174609.712890625, 15354917.494140625, 15405301.565429688, 15394239.50390625, 15363549.990234375, 15891178.434570312, 15955669.85546875, 15133299.756835938, 14645608.474609375, 15058426.67578125, 15294318.952148438, 15741269.181640625, 15605174.364257812], "total_frames": 66872}