{"mean_stats": [885083.4360351562, 1011463.7807617188, 1141295.626953125, 1176175.3026123047, 1161020.9738769531, 1140648.3757324219, 1133419.833618164, 1126906.7629394531, 1115801.4482421875, 1089693.703491211, 1087217.9681396484, 1104366.662475586, 1109008.625, 1100150.4324951172, 1078409.255859375, 1061565.280883789, 1078204.7725830078, 1086708.6571044922, 1078183.9888916016, 1050961.5943603516, 1042663.9315185547, 1059850.623046875, 1090242.4721679688, 1096780.7923583984, 1084053.6804199219, 1078986.462890625, 1102037.7927246094, 1106069.9514160156, 1092774.083984375, 1066985.1218261719], "var_stats": [11862104.877929688, 15475376.884765625, 19595276.099609375, 20793150.486328125, 20311306.203125, 19664215.423828125, 19460163.564453125, 19286982.203125, 18897291.8671875, 17987510.953125, 17879642.837890625, 18438529.30859375, 18613542.546875, 18378285.638671875, 17684605.80859375, 17114051.0234375, 17571994.88671875, 17826601.677734375, 17563512.9375, 16763640.2109375, 16533664.6640625, 17018496.4140625, 18018842.599609375, 18227918.9609375, 17781314.62890625, 17576083.390625, 18337850.794921875, 18497695.509765625, 18094082.6953125, 17340963.27734375], "total_frames": 69982}