{"mean_stats": [876746.9435424805, 1001129.3338623047, 1123198.2482910156, 1157341.0986328125, 1146581.5024414062, 1120308.3399658203, 1106161.6407470703, 1098961.0614013672, 1097923.463256836, 1081228.6822509766, 1076228.175415039, 1089405.6964111328, 1089032.904296875, 1080463.6831054688, 1061602.5540771484, 1052135.9610595703, 1068695.0040283203, 1071482.4974365234, 1066746.8552246094, 1055089.1529541016, 1061048.1336669922, 1068402.8859863281, 1085173.1616210938, 1089222.794555664, 1077911.5047607422, 1075542.8692626953, 1094103.4411621094, 1095544.3657226562, 1086377.1274414062, 1062731.0422363281], "var_stats": [11543023.306640625, 15090711.404296875, 18888642.689453125, 20034766.36328125, 19694294.876953125, 18879735.9921875, 18484703.3046875, 18285646.126953125, 18165125.3984375, 17572313.09765625, 17415304.576171875, 17839187.349609375, 17858914.41015625, 17620251.333984375, 17024182.029296875, 16709019.9609375, 17182684.47265625, 17270243.75390625, 17120268.818359375, 16774355.66796875, 16974928.837890625, 17126104.359375, 17695373.275390625, 17841590.15625, 17480578.37890625, 17370754.486328125, 17998633.025390625, 18070254.330078125, 17775346.255859375, 17080868.86328125], "total_frames": 70716}