{"mean_stats": [971204.957824707, 1114019.5639648438, 1259418.8953857422, 1297142.0655517578, 1281722.8892822266, 1250304.86328125, 1239746.4079589844, 1234183.0922851562, 1229860.75390625, 1210503.508178711, 1205255.2916259766, 1222773.3254394531, 1230642.8430175781, 1225213.025756836, 1205857.88671875, 1184733.378540039, 1201249.8288574219, 1207318.9697265625, 1202343.0776367188, 1182968.5893554688, 1179751.9400634766, 1187472.9089355469, 1212260.4436035156, 1215159.2507324219, 1199396.4931640625, 1192267.8009033203, 1210042.5106201172, 1218210.0925292969, 1202299.7543945312, 1168873.6112060547], "var_stats": [12880505.561523438, 16928280.50390625, 21510482.529296875, 22817906.583984375, 22334426.228515625, 21314603.00390625, 20990672.787109375, 20825091.48828125, 20614624.630859375, 19943171.01953125, 19779353.1796875, 20348877.291015625, 20611310.44921875, 20472061.734375, 19865316.638671875, 19169452.130859375, 19632509.6875, 19807498.64453125, 19660561.525390625, 19092208.78125, 19006828.5546875, 19165837.509765625, 20004643.150390625, 20114973.07421875, 19591048.466796875, 19297494.9140625, 19903229.392578125, 20195382.79296875, 19689508.341796875, 18691483.26171875], "total_frames": 78093}