{"mean_stats": [843511.7614746094, 977992.5479736328, 1112794.7211914062, 1141231.0822753906, 1118576.1688232422, 1098358.6202392578, 1088900.0162353516, 1078335.4028320312, 1075785.9034423828, 1059371.9018554688, 1056957.1235351562, 1072792.1967773438, 1076284.142944336, 1069101.0900878906, 1049265.513671875, 1034390.1766357422, 1045826.9169921875, 1052091.7814941406, 1045590.7706298828, 1026032.2757568359, 1027837.39453125, 1047009.3995361328, 1071423.8237304688, 1077628.4422607422, 1064641.3990478516, 1055094.2683105469, 1067773.6004638672, 1069057.3190917969, 1057073.8515625, 1037864.7088623047], "var_stats": [10975881.767578125, 14769301.900390625, 19019357.375, 19995053.296875, 19248075.330078125, 18627358.044921875, 18375756.2421875, 18072553.48828125, 17907762.376953125, 17326378.666015625, 17237869.515625, 17767238.130859375, 17896538.115234375, 17666998.95703125, 16999356.33203125, 16510747.649414062, 16816433.673828125, 17015620.208984375, 16823491.217773438, 16223353.95703125, 16285513.2578125, 16839398.841796875, 17662330.453125, 17879127.826171875, 17447472.954101562, 17103099.981445312, 17572735.9765625, 17673262.451171875, 17270096.6328125, 16694197.995117188], "total_frames": 68697}