{"mean_stats": [826260.7679443359, 953474.9567871094, 1063248.1688232422, 1082964.6947021484, 1071059.4661865234, 1038351.7589111328, 1018415.98046875, 1010435.5109863281, 1028638.5970458984, 1027501.4833984375, 1016873.1151123047, 1013708.5749511719, 1005844.7939453125, 1003726.2755737305, 1005974.4456787109, 995606.1729736328, 992729.8341064453, 992234.9696044922, 995615.1876220703, 994012.3699951172, 995293.3101806641, 997616.4830322266, 1007560.5786132812, 1006455.1638183594, 983587.3961181641, 972670.0059204102, 983460.8819580078, 988491.4612426758, 1001479.7503662109, 990710.2077636719], "var_stats": [10691338.208007812, 14267703.249023438, 17684957.473632812, 18317424.780273438, 17940717.083984375, 16971314.27734375, 16337090.903320312, 16072629.630859375, 16609601.5546875, 16567848.051757812, 16248023.948242188, 16150948.866210938, 15943791.678222656, 15905188.690429688, 15968613.89453125, 15642000.537109375, 15517545.615234375, 15473365.703125, 15578674.056640625, 15585638.314453125, 15668887.1640625, 15664083.283203125, 15956859.317382812, 15941478.499023438, 15212622.331054688, 14850022.793945312, 15182670.141601562, 15355237.498046875, 15783101.75390625, 15562479.806640625], "total_frames": 68844}