{"mean_stats": [760555.0673828125, 874285.4417724609, 975916.4841308594, 1003713.3312988281, 995992.3624267578, 960863.5803222656, 945533.1917114258, 938025.4143676758, 948095.5927124023, 950609.8753051758, 944291.5708618164, 941880.1596679688, 938644.6727905273, 932302.7229614258, 926850.8669433594, 913542.7445068359, 913596.4427490234, 913066.6264648438, 912943.5948486328, 910574.9032592773, 916157.4469604492, 922774.0290527344, 936016.0938110352, 934528.203125, 914384.4212036133, 904575.9528808594, 922615.5643920898, 926307.2753295898, 929869.9924316406, 918174.8084106445], "var_stats": [9770569.221679688, 12938890.46875, 16036113.569335938, 16913680.786132812, 16640100.458007812, 15590190.981445312, 15137475.333007812, 14914748.540039062, 15182201.443359375, 15245193.545898438, 15066283.487792969, 14997075.789550781, 14910937.797851562, 14725512.434082031, 14556103.182617188, 14154088.240722656, 14118512.234375, 14073906.290039062, 14052677.491210938, 14011028.643554688, 14195543.7734375, 14351440.516113281, 14786061.806640625, 14749709.786621094, 14118153.063964844, 13792952.805664062, 14359083.6015625, 14492936.505859375, 14632983.375488281, 14371171.393554688], "total_frames": 63860}