{"mean_stats": [833350.896484375, 955077.1896362305, 1083215.8392333984, 1118018.4187011719, 1104749.2291259766, 1081895.5513916016, 1068879.374633789, 1059883.810180664, 1057752.2177734375, 1042313.3247070312, 1039684.0349121094, 1052511.4415283203, 1051858.767944336, 1044291.8021240234, 1025504.8376464844, 1010736.474609375, 1024292.5794677734, 1029774.9814453125, 1021878.2810058594, 999772.4753417969, 999781.8902587891, 1015653.9050292969, 1038794.3273925781, 1045968.2164306641, 1032047.7852783203, 1026112.0721435547, 1045979.8760986328, 1053802.314086914, 1038358.158203125, 1010494.3057861328], "var_stats": [10917679.056640625, 14354959.200195312, 18366740.001953125, 19555802.24609375, 19131654.611328125, 18393328.2421875, 17996204.453125, 17746041.8203125, 17646679.341796875, 17087892.451171875, 17001641.760742188, 17422010.436523438, 17414649.653320312, 17210967.584960938, 16625862.059570312, 16157563.959960938, 16522064.015625, 16680472.1875, 16449465.58984375, 15809925.607421875, 15825418.671875, 16249212.7890625, 16994515.15625, 17219610.251953125, 16738491.96484375, 16518694.39453125, 17190972.662109375, 17470756.205078125, 16997186.7421875, 16189448.98828125], "total_frames": 67568}