{"mean_stats": [759147.9299316406, 877064.6336669922, 982306.2618408203, 1010952.8093261719, 1003780.21484375, 969602.3067626953, 955777.5565185547, 950593.2072753906, 956923.494140625, 950487.0280761719, 941060.6201171875, 939681.7177734375, 932167.8666992188, 931317.5865478516, 932980.162109375, 921623.8687744141, 921678.0667724609, 920233.6306152344, 916094.42578125, 915914.5880126953, 919261.7775878906, 919137.0335693359, 930774.8259277344, 933335.1108398438, 915281.9006347656, 901576.3682861328, 912671.0202636719, 919107.6387939453, 931031.5054931641, 917572.0529785156], "var_stats": [9710806.885742188, 12994956.03125, 16188930.77734375, 17084505.46875, 16831798.5625, 15758686.16015625, 15342764.126953125, 15224518.192382812, 15400934.084960938, 15192340.439453125, 14930664.405273438, 14907832.009765625, 14694587.686523438, 14679140.538085938, 14709840.370117188, 14364761.783203125, 14344306.9375, 14265851.139648438, 14119536.178710938, 14139869.662109375, 14254850.5078125, 14217367.528320312, 14635528.004882812, 14754302.553710938, 14163639.625, 13706068.89453125, 14082698.744140625, 14292198.682617188, 14644537.853515625, 14323695.416015625], "total_frames": 64091}