{"mean_stats": [817392.4305419922, 939538.2736816406, 1057018.6263427734, 1085441.6641845703, 1068733.7272949219, 1031790.5882568359, 1015496.1605224609, 1004094.1459960938, 1012025.7386474609, 1019759.7108154297, 1023050.0263671875, 1025084.0821533203, 1017568.9938964844, 1009954.2163085938, 1005102.2408447266, 993156.6273193359, 989306.4182128906, 988637.6361083984, 991598.6776123047, 989648.7854003906, 1000729.7446289062, 1006925.4594726562, 1023607.6015625, 1027789.0681152344, 1002688.0147705078, 983751.9486083984, 996423.9222412109, 999397.9868164062, 1010065.5694580078, 1007128.7413330078], "var_stats": [10552866.125, 14042240.921875, 17689701.66796875, 18617792.373046875, 18073947.388671875, 16965167.552734375, 16497141.734375, 16161843.291015625, 16365624.0, 16566157.115234375, 16680372.115234375, 16751613.828125, 16503883.861328125, 16274593.08203125, 16142468.724609375, 15783165.845703125, 15628085.975585938, 15582402.86328125, 15654656.376953125, 15616790.619140625, 15937889.913085938, 16083834.521484375, 16660969.755859375, 16821367.865234375, 16034151.536132812, 15431876.673828125, 15847967.561523438, 15984961.733398438, 16349445.9296875, 16344014.883789062], "total_frames": 66676}