{"mean_stats": [764946.4783935547, 881709.3992919922, 983273.4697265625, 1009862.6907958984, 999588.1590576172, 964217.4108886719, 947131.4722900391, 944343.9927978516, 958340.201171875, 962076.8814697266, 961369.5251464844, 962243.8100585938, 954806.0314941406, 946432.0205078125, 942465.2672729492, 933146.0350341797, 931961.5838623047, 927758.6473388672, 925629.9468994141, 925955.8970947266, 929881.1513671875, 931015.0572509766, 947233.8837890625, 950593.6014404297, 927315.3994140625, 919379.1628417969, 937695.8970947266, 938613.4545898438, 945953.1193847656, 939163.5842285156], "var_stats": [9843453.823242188, 13127142.967773438, 16243887.076171875, 17085793.603515625, 16758076.537109375, 15664748.591796875, 15139497.08203125, 15101263.25, 15505640.594726562, 15605345.40234375, 15597677.448242188, 15628130.52734375, 15411886.751953125, 15196921.95703125, 15082039.490234375, 14788963.840820312, 14738842.581054688, 14594804.578125, 14511987.653320312, 14532171.719726562, 14683414.434570312, 14664007.107421875, 15189986.2421875, 15316815.076171875, 14578024.939453125, 14312132.66796875, 14904465.477539062, 14945336.517089844, 15180219.010742188, 15047290.361328125], "total_frames": 63488}