{"mean_stats": [859468.9416503906, 999056.8687744141, 1142749.5303955078, 1172439.7647705078, 1147875.6291503906, 1123142.09375, 1105990.6524658203, 1094541.5119628906, 1102473.3458251953, 1085727.6666259766, 1080973.7377929688, 1095799.3638916016, 1101481.0673828125, 1103595.6784667969, 1094923.068725586, 1080537.0856933594, 1083714.1096191406, 1082035.3215332031, 1069888.5867919922, 1043491.6046142578, 1037678.5225830078, 1059122.1368408203, 1093171.9974365234, 1104332.2590332031, 1090558.3454589844, 1078462.1198730469, 1084330.4689941406, 1091792.4161376953, 1085004.861694336, 1066115.7218017578], "var_stats": [11197660.264648438, 15161367.346679688, 19717227.810546875, 20745507.93359375, 19937418.71875, 19145621.79296875, 18608595.517578125, 18282702.827148438, 18513946.973632812, 17906163.654296875, 17741284.538085938, 18228450.88671875, 18426643.01171875, 18535612.001953125, 18263148.5546875, 17767826.5703125, 17809534.231445312, 17745793.849609375, 17370957.859375, 16557425.95703125, 16391818.625, 17018046.376953125, 18130332.4765625, 18518751.516601562, 18043999.645507812, 17617576.791015625, 17851254.9765625, 18142591.12109375, 17920351.357421875, 17364812.303710938], "total_frames": 69760}