{"mean_stats": [826332.6852416992, 940019.3323974609, 1050651.648803711, 1080916.6987304688, 1068430.509765625, 1027137.365234375, 1012686.9534912109, 1005833.4046630859, 1012699.8555908203, 1012034.06640625, 1009826.3468017578, 1011143.9930419922, 1007844.0914916992, 1004369.1841430664, 995846.9774169922, 982104.5065917969, 980533.5531005859, 983785.5568847656, 985865.708190918, 982498.7017822266, 985215.8818969727, 986943.5856933594, 1000952.6103515625, 1004583.9038085938, 983774.6342773438, 972323.9625854492, 992620.4016723633, 998720.4372558594, 1004135.2211303711, 994064.0895996094], "var_stats": [10771763.278320312, 14011286.375976562, 17446582.509765625, 18454014.384765625, 18041546.953125, 16757192.3984375, 16334050.209960938, 16136752.4765625, 16320355.298828125, 16282935.333007812, 16222885.041992188, 16266455.620117188, 16184731.684082031, 16084333.87109375, 15831067.665039062, 15405418.301757812, 15311084.651367188, 15408441.533203125, 15477081.91796875, 15421481.744140625, 15526539.864746094, 15525567.187988281, 15991611.223144531, 16113273.514160156, 15439782.372558594, 15076532.122558594, 15738844.829589844, 15945269.762695312, 16135203.266601562, 15921264.129882812], "total_frames": 67245}