{"mean_stats": [739816.2438964844, 851029.7409667969, 945440.9068603516, 967924.4483642578, 955256.3770751953, 921229.1046142578, 900761.1907958984, 897378.4350585938, 912020.3516845703, 915022.5059814453, 913875.3820800781, 915272.8957519531, 909155.0515136719, 905104.8813476562, 900740.7630615234, 889010.2281494141, 889111.4622802734, 886579.801940918, 887165.3461914062, 886089.4678344727, 887782.4834594727, 890485.5308837891, 906063.2777099609, 906539.5501708984, 884712.1499023438, 872566.7150268555, 887167.0620117188, 891491.5573730469, 901090.8458251953, 893826.2476806641], "var_stats": [9614230.483398438, 12762666.650390625, 15668936.326171875, 16376786.916015625, 15962508.03125, 14916189.33984375, 14311121.438476562, 14214641.959960938, 14632643.578125, 14723453.565429688, 14712593.071289062, 14761070.686523438, 14568836.060546875, 14437268.624023438, 14321530.567382812, 13973031.435546875, 13930819.4140625, 13812132.2890625, 13819319.704101562, 13812874.708007812, 13865315.674804688, 13906396.999511719, 14438760.595214844, 14470845.523925781, 13780097.996582031, 13402540.321289062, 13889324.778320312, 14046644.193359375, 14354599.518554688, 14211034.504394531], "total_frames": 60488}