{"mean_stats": [881588.3533935547, 1008905.5577392578, 1139299.2069091797, 1173445.4149169922, 1156496.5727539062, 1129412.4440917969, 1111392.361328125, 1109758.7479248047, 1110427.8801269531, 1090506.9517822266, 1088027.8681640625, 1105094.508178711, 1109621.2570800781, 1106274.3944091797, 1090815.2351074219, 1076499.4818115234, 1089768.2694091797, 1091901.5603027344, 1082758.6491699219, 1059929.2117919922, 1055080.67578125, 1066260.340209961, 1090706.596069336, 1099354.4392089844, 1088296.4780273438, 1084596.5853271484, 1100906.12890625, 1108226.9631347656, 1101422.5336914062, 1072228.794921875], "var_stats": [11687519.772460938, 15295818.203125, 19420180.2265625, 20580695.45703125, 20020220.958984375, 19149758.46875, 18612924.724609375, 18598688.822265625, 18581121.750976562, 17864877.340820312, 17792175.803710938, 18352343.657226562, 18508038.05859375, 18440481.0625, 17940651.40625, 17444972.309570312, 17799852.358398438, 17870535.758789062, 17611692.90234375, 16916930.72265625, 16757040.560546875, 17045916.607421875, 17855322.153320312, 18160049.536132812, 17781455.943359375, 17602611.946289062, 18135125.4921875, 18410228.263671875, 18229182.228515625, 17379067.6328125], "total_frames": 70856}