{"mean_stats": [828320.2827148438, 953931.2242431641, 1066253.8237304688, 1091522.455078125, 1076369.7935791016, 1044920.7062988281, 1025984.4122314453, 1018877.7639160156, 1033562.2738037109, 1032385.1712646484, 1031764.0313720703, 1029642.8519287109, 1022994.5289306641, 1019674.4439697266, 1019408.4454345703, 1010922.7182617188, 1008348.1989746094, 1007469.9990234375, 1009682.9051513672, 1008546.0321044922, 1011325.6129150391, 1015136.1818847656, 1031847.1856689453, 1035082.8551025391, 1004968.2756347656, 990745.5874023438, 1008154.8980712891, 1013266.6002197266, 1024586.0452880859, 1018641.4479980469], "var_stats": [10740075.934570312, 14317019.685546875, 17807778.2421875, 18628429.314453125, 18154593.05078125, 17210203.8203125, 16644664.494140625, 16458870.649414062, 16870215.765625, 16794206.3203125, 16781014.989257812, 16712588.783203125, 16510138.215820312, 16401239.014648438, 16386126.546875, 16099342.078125, 15997005.98046875, 15953075.16796875, 16015856.421875, 16012728.55078125, 16098064.052734375, 16156268.484375, 16713829.767578125, 16846322.103515625, 15881057.5859375, 15411919.783203125, 15976499.5859375, 16181041.224609375, 16579234.505859375, 16483841.361328125], "total_frames": 67800}