{"mean_stats": [882563.9140625, 1011242.2652587891, 1131579.6322021484, 1160101.0926513672, 1143245.3399658203, 1102040.0395507812, 1085204.7557373047, 1078197.0557861328, 1086031.8172607422, 1082236.9517822266, 1080663.2486572266, 1086370.3306884766, 1080329.6436767578, 1070278.957397461, 1061503.3747558594, 1047436.5865478516, 1049686.5895996094, 1049630.8237304688, 1053280.2388916016, 1048418.5305175781, 1047759.3450927734, 1055898.7188720703, 1082259.3276367188, 1083278.0004882812, 1053362.1451416016, 1041742.8284912109, 1066290.4661865234, 1074391.499633789, 1080362.5, 1071489.1716308594], "var_stats": [11553246.692382812, 15202221.880859375, 18926949.302734375, 19874914.84765625, 19330247.69921875, 18055624.533203125, 17564313.658203125, 17356577.4375, 17542399.9140625, 17408812.72265625, 17373907.291015625, 17560188.450195312, 17384377.000976562, 17094836.89453125, 16834953.27734375, 16394076.294921875, 16421923.55859375, 16404598.736328125, 16508518.986328125, 16398433.208984375, 16402265.419921875, 16591010.458984375, 17436701.056640625, 17484344.047851562, 16539058.735351562, 16168636.325195312, 16975437.650390625, 17254487.8828125, 17453766.700195312, 17276419.587890625], "total_frames": 71830}