{"mean_stats": [971284.0447998047, 1119764.0352783203, 1262250.1746826172, 1298124.5975341797, 1276283.3427734375, 1250045.4272460938, 1234188.1235351562, 1223196.4744873047, 1218522.3508300781, 1197924.7904052734, 1193095.4929199219, 1211017.7501220703, 1216923.0593261719, 1211731.1632080078, 1189630.9267578125, 1173008.4204101562, 1193551.1434326172, 1201615.2351074219, 1192558.6408691406, 1162501.330444336, 1154778.3986816406, 1176826.7216796875, 1214006.8389892578, 1221397.9246826172, 1206492.7790527344, 1209260.655883789, 1232295.4735107422, 1235649.4356689453, 1211505.1575927734, 1179281.8801269531], "var_stats": [12847758.651367188, 17063183.15234375, 21548069.462890625, 22750480.328125, 22048524.759765625, 21212976.44140625, 20744628.626953125, 20403137.7421875, 20178907.5625, 19470556.134765625, 19309941.01171875, 19897877.013671875, 20106528.6640625, 19966743.140625, 19263842.65625, 18702799.349609375, 19285440.740234375, 19540163.517578125, 19257058.431640625, 18353086.7109375, 18120986.8984375, 18746346.640625, 19989675.486328125, 20259030.919921875, 19727798.36328125, 19770337.650390625, 20556037.53515625, 20689007.60546875, 19897758.919921875, 18943750.376953125], "total_frames": 78299}