{"mean_stats": [870098.0677490234, 1002399.3948974609, 1124694.4617919922, 1152019.3123779297, 1129566.322265625, 1091986.1590576172, 1078657.2780761719, 1069570.8592529297, 1074568.105834961, 1074640.2139892578, 1072249.8569335938, 1075092.5196533203, 1070945.2475585938, 1064952.4544677734, 1059352.255493164, 1048996.951538086, 1050058.1228027344, 1048342.9617919922, 1045738.1853027344, 1034330.30859375, 1033975.4739990234, 1043517.6265869141, 1063895.0383300781, 1067794.5803222656, 1042706.2095947266, 1027033.7241210938, 1042671.6309814453, 1046889.1912841797, 1050639.9532470703, 1039854.1369628906], "var_stats": [11272597.025390625, 15009496.453125, 18826593.99609375, 19715062.5546875, 18968592.759765625, 17816489.962890625, 17432144.817382812, 17173516.772460938, 17301236.765625, 17284585.15625, 17192354.40625, 17272462.682617188, 17157203.029296875, 16995625.53515625, 16836302.90234375, 16498653.01953125, 16495223.16796875, 16432680.107421875, 16346825.4453125, 16037355.123046875, 16075929.138671875, 16312707.798828125, 16948184.57421875, 17079038.578125, 16290858.40234375, 15794236.775390625, 16280536.140625, 16441324.282226562, 16605327.248046875, 16375674.752929688], "total_frames": 71235}