{"mean_stats": [816817.9867553711, 936075.7192382812, 1053180.0499267578, 1087536.948852539, 1075388.3309326172, 1040510.8546142578, 1027691.6644897461, 1025587.3162841797, 1031128.7954101562, 1025488.7879638672, 1025436.3864746094, 1026582.5267944336, 1019019.184753418, 1013437.8364257812, 1010264.6115112305, 998390.8831787109, 997691.4187011719, 1001210.1925048828, 1000851.8155517578, 994358.0799560547, 992524.6462402344, 996138.0178222656, 1015077.0415039062, 1021849.4998779297, 995150.7092285156, 981611.6960449219, 1000161.9769287109, 1006689.7789306641, 1011782.4176025391, 999503.6802978516], "var_stats": [10547632.111328125, 13875118.668945312, 17506533.681640625, 18639682.796875, 18243247.572265625, 17155875.436523438, 16782262.271484375, 16746363.830078125, 16880543.580078125, 16664851.076171875, 16691782.295898438, 16736158.028320312, 16502855.431640625, 16342574.657226562, 16250888.165039062, 15865932.75390625, 15796113.046875, 15877239.819335938, 15848795.124023438, 15681323.998046875, 15662252.0234375, 15730668.615234375, 16348795.0078125, 16562159.204101562, 15705323.134765625, 15269249.864257812, 15846301.731445312, 16063752.333984375, 16267827.030273438, 15973828.274414062], "total_frames": 67823}