{"mean_stats": [804052.7303466797, 928372.9706420898, 1029811.1441650391, 1051039.1826782227, 1036259.2065429688, 999198.9256591797, 981490.4381713867, 971545.9633178711, 984787.8389282227, 986131.8241577148, 984862.5284423828, 984589.6567993164, 976810.9208374023, 973437.9413452148, 969713.9800415039, 957307.0111694336, 955370.6834106445, 959039.033203125, 962756.0379638672, 961556.081237793, 967166.4840698242, 968986.0254516602, 981036.8875732422, 982608.5458374023, 956562.2158203125, 944760.9954223633, 961419.5575561523, 966224.8512573242, 976713.0823974609, 968495.0428466797], "var_stats": [10463097.522216797, 14000758.345703125, 17163188.015625, 17844239.865234375, 17330453.907714844, 16196117.665527344, 15664840.704101562, 15377748.2890625, 15781225.028320312, 15796447.92578125, 15761694.997070312, 15746269.680664062, 15500928.993164062, 15411054.266601562, 15305155.81640625, 14929786.240234375, 14840461.864257812, 14928826.076171875, 15048163.969238281, 15022944.095214844, 15190222.897460938, 15205528.986328125, 15613111.754394531, 15688586.188964844, 14888908.245117188, 14517477.239257812, 15036134.912109375, 15189970.189453125, 15560052.305175781, 15398280.948730469], "total_frames": 65622}