{"mean_stats": [902421.6241455078, 1035287.9968261719, 1167321.8587646484, 1204809.193725586, 1201257.3256835938, 1175410.6955566406, 1160749.5358886719, 1163720.5871582031, 1162275.1420898438, 1135416.9748535156, 1128751.2238769531, 1143306.466430664, 1145661.9412841797, 1146419.280883789, 1137221.8424072266, 1122247.0861816406, 1131246.3176269531, 1133968.8287353516, 1129716.4165039062, 1107757.4981689453, 1093971.8653564453, 1101584.1208496094, 1130630.5944824219, 1140178.2368164062, 1125994.8197021484, 1118453.4525146484, 1135487.5750732422, 1143224.3381347656, 1133544.741821289, 1106296.4565429688], "var_stats": [12034848.173828125, 15814983.150390625, 19997601.86328125, 21293040.732421875, 21203051.04296875, 20343990.912109375, 19894179.0625, 20056592.287109375, 19997418.234375, 19062678.591796875, 18846043.19140625, 19330249.412109375, 19402714.12109375, 19476438.82421875, 19189301.28515625, 18667648.712890625, 18877538.29296875, 18955072.44921875, 18839116.060546875, 18191863.22265625, 17773330.677734375, 17920769.158203125, 18867116.251953125, 19194205.70703125, 18708751.724609375, 18396783.306640625, 18950600.751953125, 19242475.216796875, 18969602.53125, 18194541.982421875], "total_frames": 72234}