{"mean_stats": [849689.7331542969, 981337.3364257812, 1109788.2674560547, 1140716.9693603516, 1121790.3425292969, 1099386.861694336, 1082799.8049316406, 1072869.927734375, 1069491.9920654297, 1053719.6986083984, 1052101.8797607422, 1068603.0224609375, 1074425.9327392578, 1071041.6694335938, 1058053.7231445312, 1044538.5565185547, 1054959.9364013672, 1057388.1296386719, 1049609.0516357422, 1027205.5511474609, 1023152.9755859375, 1039294.0186767578, 1062536.0744628906, 1070202.3444824219, 1061678.7553710938, 1053953.2716064453, 1072704.8623046875, 1079054.0666503906, 1065484.2911376953, 1041295.4127197266], "var_stats": [11180898.767578125, 14917479.404296875, 18983145.435546875, 20054675.740234375, 19452819.80078125, 18711040.5234375, 18202260.225585938, 17924089.345703125, 17772283.958984375, 17200910.943359375, 17154305.615234375, 17687649.05078125, 17894823.271484375, 17820435.546875, 17411615.931640625, 16962555.935546875, 17228521.875, 17287427.373046875, 17054814.212890625, 16386018.849609375, 16267909.359375, 16713088.63671875, 17468494.4140625, 17708763.19921875, 17411858.8046875, 17131790.353515625, 17771604.734375, 18008060.720703125, 17581922.033203125, 16875600.46484375], "total_frames": 68601}