{"mean_stats": [785649.7275390625, 896639.0975341797, 1003968.1623535156, 1034622.9132080078, 1024248.2977294922, 985100.6457519531, 968770.2725830078, 963226.4991455078, 975199.921875, 973119.0675048828, 970833.7951660156, 974556.4798583984, 968285.2841796875, 963417.4188232422, 960721.9360351562, 949968.1446533203, 947281.0272216797, 947140.4842529297, 951597.7265625, 953934.9895019531, 956337.2623291016, 953022.1785888672, 964167.865234375, 970142.06640625, 948252.2261352539, 938294.676574707, 956531.9284667969, 959625.4263916016, 964599.6627197266, 958771.5869140625], "var_stats": [10225064.564453125, 13343706.075195312, 16610018.015625, 17594477.2890625, 17284421.330078125, 16103636.658203125, 15598596.23046875, 15462764.572265625, 15814480.275390625, 15719923.912109375, 15645726.771484375, 15771512.615234375, 15577492.287109375, 15441544.21875, 15363183.142578125, 15038847.102539062, 14941098.61328125, 14925027.63671875, 15047611.494140625, 15148786.879882812, 15240413.205078125, 15070480.107421875, 15434517.149414062, 15648282.970703125, 14960562.783203125, 14659355.185546875, 15242763.481445312, 15359116.5, 15536982.209960938, 15445615.618164062], "total_frames": 64408}