{"mean_stats": [795587.4526367188, 913806.2314453125, 1022277.6550292969, 1053374.531616211, 1041934.1507568359, 1002734.1408691406, 985308.0134277344, 981167.076965332, 987619.9871826172, 988299.5065307617, 985361.8801879883, 988779.8120727539, 983212.0360107422, 977686.035949707, 970975.8256835938, 960136.4669799805, 961282.4241333008, 963833.9523925781, 962388.4907836914, 957484.6593017578, 957339.2590332031, 963832.5194091797, 981600.3195800781, 983046.6973876953, 959418.0188598633, 944930.864074707, 960636.7437744141, 963755.3878173828, 969060.1566772461, 960349.8557739258], "var_stats": [10423415.232421875, 13805228.512695312, 17191386.2421875, 18219980.4296875, 17853583.59375, 16607649.5, 16067419.818359375, 15973637.690429688, 16140302.428710938, 16144914.19921875, 16073294.560058594, 16182650.238769531, 16005498.12109375, 15847595.608398438, 15632349.747070312, 15290021.223632812, 15289394.395019531, 15345650.362304688, 15287269.59375, 15156701.1640625, 15169851.387695312, 15310320.194335938, 15912040.981445312, 15972046.174804688, 15215877.837402344, 14728840.129882812, 15249881.049804688, 15387851.695800781, 15587820.70703125, 15414158.020507812], "total_frames": 64722}