{"mean_stats": [847855.5714111328, 969333.6636962891, 1079941.5034179688, 1104679.0616455078, 1091702.052734375, 1054196.6368408203, 1032308.4720458984, 1026302.8041992188, 1038391.6636962891, 1034774.0249023438, 1026945.3190917969, 1028126.0651855469, 1019838.2730712891, 1018788.4680175781, 1021696.9119873047, 1012537.4405517578, 1010512.9750976562, 1009146.0295410156, 1012163.3736572266, 1008685.0952148438, 1005428.0235595703, 1006428.1915283203, 1018842.62109375, 1022584.1357421875, 999461.9282226562, 984828.0928955078, 997990.8779296875, 1007841.5316162109, 1019744.7004394531, 1008407.037109375], "var_stats": [10990147.6484375, 14414929.861328125, 17836639.505859375, 18639068.3671875, 18221175.974609375, 17066654.892578125, 16394616.265625, 16245645.1484375, 16608245.900390625, 16495228.115234375, 16264474.21875, 16299342.603515625, 16039257.4296875, 16013619.861328125, 16125825.6640625, 15853870.177734375, 15747787.216796875, 15686871.923828125, 15769574.71484375, 15723518.775390625, 15673283.1640625, 15603932.560546875, 15972750.236328125, 16113504.418945312, 15373072.999023438, 14887822.540039062, 15280192.005859375, 15579990.337890625, 15995758.53125, 15767862.91015625], "total_frames": 70114}