{"mean_stats": [53495415.75061035, 61533046.339416504, 69197318.76672363, 71124723.13250732, 70227308.5748291, 68174828.79711914, 67190937.77874756, 66784396.56616211, 67135718.1651001, 66634617.750183105, 66429273.70550537, 66838848.7512207, 66647616.658569336, 66351225.91473389, 65874906.219177246, 65048205.92285156, 65286936.010009766, 65418336.2779541, 65285167.95758057, 64571515.361328125, 64504791.96636963, 64996158.45825195, 66288850.18823242, 66604345.58013916, 65326730.81311035, 64620517.64099121, 65640612.0826416, 65987510.47808838, 65997670.39318848, 64998181.79364014], "var_stats": [696890915.3190918, 923737493.3085938, 1162263161.631836, 1226423047.2939453, 1197372808.3891602, 1133204741.0961914, 1103748167.6748047, 1092863504.7363281, 1101486432.897461, 1083084587.9902344, 1077010577.7333984, 1090615932.9936523, 1085345325.1547852, 1077476991.2871094, 1062638888.3642578, 1035960003.2070312, 1040588438.7573242, 1043534247.5493164, 1039240478.6538086, 1019076800.9067383, 1017836540.0429688, 1029410440.4960938, 1071705414.1142578, 1082645094.171875, 1041464081.3842773, 1017898217.7958984, 1051388378.4082031, 1063979623.4331055, 1065277857.0410156, 1039297719.9477539], "total_frames": 4380642}